id;source_type;is_active;created_at;updated_at;created_by;updated_by
1;Other;true;2025-06-07T14:50:25;2025-06-06T22:21:28;defiantly;arrange loftily
2;RPOS;false;2025-06-07T14:16:29;2025-06-07T00:18:54;nearly so ick;indeed lecture badly
3;Other;true;2025-06-06T22:41:46;2025-06-06T18:30:44;uh-huh;pivot litter
4;ASP;true;2025-06-07T15:00:47;2025-06-07T10:07:17;save gastropod;lively phony
5;Other;true;2025-06-07T10:07:55;2025-06-07T11:36:55;machine;overload
6;RPOS;true;2025-06-07T12:07:22;2025-06-06T20:40:04;whose;dream since aw
7;RPOS;false;2025-06-07T01:19:40;2025-06-06T17:06:53;bore zowie daddy;behind
8;Other;true;2025-06-06T16:50:17;2025-06-06T20:05:39;corny hourly cleave;incidentally gosh
9;RPOS;false;2025-06-07T15:38:40;2025-06-06T20:51:44;expansion bah save;beyond
10;RPOS;true;2025-06-07T03:18:46;2025-06-06T22:37:42;that think overcooked;quaintly failing upon
